name,area,density,abundance,density.nohuman,abundance.nohuman
Peace,5614.20840792871,1.2,6,35.1,173
Okanagan,73596.7458106504,8.8,647,27,1990
Lower Mainland,10969.6140561525,15.1,165,54,589
Lower Mainland,3044.03073716794,8,24,21.4,65
